,date,equity_curve,benchmark
0,1994-01-07,0.0,0.0
1,1994-01-14,0.0,0.0
2,1994-01-21,0.0,-0.0006595793845710629
3,1994-01-28,0.0,0.0
4,1994-02-04,0.0,-0.018930052668804875
5,1994-02-11,0.0,-0.015013857669292974
6,1994-02-18,-0.005961840707601085,-0.0208879502743049
7,1994-02-25,-0.007286153276064078,-0.02219372618551463
8,1994-03-04,-0.00993565741142699,-0.024804545062328764
9,1994-03-11,-0.006624470298683405,-0.021540605019944592
10,1994-03-18,0.0,-0.013270579863252308
11,1994-03-25,0.0,-0.034935185953297365
12,1994-04-01,0.0,-0.06316538551106465
13,1994-04-08,0.0,-0.061195494250208204
14,1994-04-15,0.0,-0.06316538551106465
15,1994-04-22,0.0,-0.057584537779514666
16,1994-04-29,0.0,-0.052661142255746696
17,1994-05-06,-0.007619911117882738,-0.05988245551436622
18,1994-05-13,-0.012815154861203326,-0.06480625082664604
19,1994-05-20,-0.012815154861203326,-0.04281368489402437
20,1994-05-27,-0.012815154861203326,-0.03624802479488354
21,1994-06-03,-0.012815154861203326,-0.028698485168012766
22,1994-06-10,-0.012815154861203326,-0.03132429611402232
23,1994-06-17,-0.012815154861203326,-0.029876395386840393
24,1994-06-24,-0.012815154861203326,-0.06820605233164978
25,1994-07-01,-0.012815154861203326,-0.05763204598100935
26,1994-07-08,-0.00521081133421597,-0.05036262483812726
27,1994-07-15,0.0,-0.04011957674390243
28,1994-07-22,-0.0010305544333542027,-0.04111078572768334
29,1994-07-29,0.0,-0.02921567823954463
30,1994-08-05,-0.0027184396348064466,-0.03185927977433256
31,1994-08-12,-0.0027184396348064466,-0.020294397597004687
32,1994-08-19,-0.0027184396348064466,-0.018311513209512187
33,1994-08-26,-0.0027184396348064466,0.0
34,1994-09-02,-0.0027184396348064466,-0.008191326077203631
35,1994-09-09,-0.0027184396348064466,-0.014416453746632807
36,1994-09-16,-0.0027184396348064466,-0.008092745257780143
37,1994-09-23,-0.0027184396348064466,-0.03149736468097675
38,1994-09-30,-0.0027184396348064466,-0.025892926165477004
39,1994-10-07,-0.0027184396348064466,-0.04105765590404631
40,1994-10-14,0.0,-0.007433073072041219
41,1994-10-21,0.0,-0.017652441824432263
42,1994-10-28,0.0,0.0
43,1994-11-04,0.0,-0.027869401246038317
44,1994-11-11,0.0,-0.026229839149554346
45,1994-11-18,0.0,-0.02491846548185872
46,1994-11-25,0.0,-0.04590188992899191
47,1994-12-02,0.0,-0.04393466513608446
48,1994-12-09,-0.011310790752585231,-0.054754302922257025
49,1994-12-16,0.0,-0.032345683750427456
50,1994-12-23,0.0,-0.025736505041641933
51,1994-12-30,-0.010848974308697579,-0.03631180871122752
52,1995-01-06,-0.010848974308697579,-0.026067124982617984
53,1995-01-13,-0.010848974308697579,-0.011525762068777867
54,1995-01-20,-0.010848974308697579,-0.015491492730304257
55,1995-01-27,-0.010848974308697579,-0.0035936435802690347
56,1995-02-03,-0.010848974308697579,0.0
57,1995-02-10,-0.010848974308697579,0.0
58,1995-02-17,-0.010848974308697579,0.0
59,1995-02-24,-0.010848974308697579,0.0
60,1995-03-03,-0.010848974308697579,-0.004464234760767405
61,1995-03-10,-0.010848974308697579,0.0
62,1995-03-17,-0.010848974308697579,0.0
63,1995-03-24,-0.010848974308697579,0.0
64,1995-03-31,-0.010848974308697579,-0.002178282429411982
65,1995-04-07,-0.010848974308697579,0.0
66,1995-04-14,-0.010848974308697579,0.0
67,1995-04-21,-0.010848974308697579,-0.0036711113100937887
68,1995-04-28,-0.010848974308697579,0.0
69,1995-05-05,0.0,0.0
70,1995-05-12,0.0,0.0
71,1995-05-19,0.0,-0.012440544573335766
72,1995-05-26,0.0,-0.003554993669999895
73,1995-06-02,0.0,0.0
74,1995-06-09,0.0,-0.009045800235904178
75,1995-06-16,0.0,0.0
76,1995-06-23,0.0,0.0
77,1995-06-30,0.0,-0.011076436053333638
78,1995-07-07,0.0,0.0
79,1995-07-14,0.0,0.0
80,1995-07-21,0.0,-0.011430660072819454
81,1995-07-28,0.0,0.0
82,1995-08-04,-0.022179729707454965,-0.005550788343573698
83,1995-08-11,-0.045471128035243225,-0.011379459911142864
84,1995-08-18,-0.008873723584906235,-0.0022204463114549045
85,1995-08-25,0.0,0.0
86,1995-09-01,0.0,0.0
87,1995-09-08,0.0,0.0
88,1995-09-15,0.0,0.0
89,1995-09-22,0.0,-0.002138734405562781
90,1995-09-29,0.0,0.0
91,1995-10-06,0.0,-0.001335468299061282
92,1995-10-13,0.0,0.0
93,1995-10-20,0.0,0.0
94,1995-10-27,0.0,-0.010889781686972855
95,1995-11-03,0.0,0.0
96,1995-11-10,0.0,0.0
97,1995-11-17,0.0,0.0
98,1995-11-24,0.0,0.0
99,1995-12-01,0.0,0.0
100,1995-12-08,0.0,0.0
101,1995-12-15,0.0,0.0
102,1995-12-22,0.0,-0.009858305650517818
103,1995-12-29,0.0,-0.005308575442502517
104,1996-01-05,0.0,-0.003539017538149558
105,1996-01-12,0.0,-0.02553128010764183
106,1996-01-19,0.0,-0.008847789521764349
107,1996-01-26,0.0,0.0
108,1996-02-02,0.0,0.0
109,1996-02-09,0.0,0.0
110,1996-02-16,-0.013521362777738966,-0.013530040868980242
111,1996-02-23,-0.013521362777738966,0.0
112,1996-03-01,-0.013521362777738966,-0.015876634984699822
113,1996-03-08,-0.013521362777738966,-0.03696659376986111
114,1996-03-15,-0.013521362777738966,-0.023168618611522862
115,1996-03-22,0.0,-0.00745918658661926
116,1996-03-29,-0.007192887658395097,-0.014599904505461114
117,1996-04-05,0.0,-0.0019843260352695458
118,1996-04-12,-0.027421657451292214,-0.029357523317903644
119,1996-04-19,-0.01502202965400079,-0.01698026664219887
120,1996-04-26,-0.0011922861019471043,-0.003175198024959913
121,1996-05-03,-0.0011922861019471043,-0.020312626237083076
122,1996-05-10,-0.0011922861019471043,-0.004127195483106472
123,1996-05-17,-0.0011922861019471043,0.0
124,1996-05-24,-0.0011922861019471043,0.0
125,1996-05-31,-0.0011922861019471043,-0.019024006283467343
126,1996-06-07,-0.0011922861019471043,-0.008022261102585637
127,1996-06-14,-0.0011922861019471043,-0.01810728289450403
128,1996-06-21,-0.0011922861019471043,-0.014747944979209615
129,1996-06-28,0.0,-0.010369690396058506
130,1996-07-05,-0.022815297621022856,-0.032949969559354475
131,1996-07-12,-0.037947964321690675,-0.047927317159413674
132,1996-07-19,-0.04679500505486667,-0.05668276181239429
133,1996-07-26,-0.050519574784830934,-0.060369614993031395
134,1996-08-02,-0.008147821200436223,-0.01843408848429895
135,1996-08-09,-0.01327002330753202,-0.023503478341633688
136,1996-08-16,-0.01327002330753202,-0.01428656716364951
137,1996-08-23,-0.01327002330753202,-0.014056366157808808
138,1996-08-30,-0.01327002330753202,-0.03663700015887861
139,1996-09-06,-0.01327002330753202,-0.027650556115065728
140,1996-09-13,0.0,0.0
141,1996-09-20,0.0,0.0
142,1996-09-27,0.0,0.0
143,1996-10-04,0.0,0.0
144,1996-10-11,0.0,-0.00044377503838577415
145,1996-10-18,0.0,0.0
146,1996-10-25,0.0,-0.012724137331203478
147,1996-11-01,0.0,-0.008775113545043234
148,1996-11-08,0.0,0.0
149,1996-11-15,0.0,0.0
150,1996-11-22,0.0,0.0
151,1996-11-29,0.0,0.0
152,1996-12-06,0.0,-0.022405066270973162
153,1996-12-13,0.0,-0.035559980610031294
154,1996-12-20,0.0,-0.010577563299453363
155,1996-12-27,0.0,0.0
156,1997-01-03,-0.0395072346220634,-0.010296680858465468
157,1997-01-10,0.0,0.0
158,1997-01-17,0.0,0.0
159,1997-01-24,0.0,-0.01047592780229567
160,1997-01-31,0.0,0.0
161,1997-02-07,0.0,0.0
162,1997-02-14,0.0,0.0
163,1997-02-21,0.0,-0.01000752333951771
164,1997-02-28,0.0,-0.025018845026541503
165,1997-03-07,0.0,-0.004234079143536462
166,1997-03-14,0.0,-0.018475608271096067
167,1997-03-21,-0.011908916225730315,-0.03017170173890671
168,1997-03-28,-0.030004679152897618,-0.04794595812692315
169,1997-04-04,-0.04456042783576941,-0.062242137097898165
170,1997-04-11,-0.07563910599353985,-0.09276653205444385
171,1997-04-18,-0.03551217293720477,-0.053355265648120764
172,1997-04-25,-0.03590562403300945,-0.053741629037743155
173,1997-05-02,0.0,0.0
174,1997-05-09,0.0,0.0
175,1997-05-16,0.0,0.0
176,1997-05-23,0.0,0.0
177,1997-05-30,0.0,0.0
178,1997-06-06,0.0,0.0
179,1997-06-13,0.0,0.0
180,1997-06-20,0.0,0.0
181,1997-06-27,0.0,-0.0075008302808334815
182,1997-07-04,0.0,0.0
183,1997-07-11,0.0,-0.0030548414917419553
184,1997-07-18,0.0,-0.008316463809776686
185,1997-07-25,0.0,0.0
186,1997-08-01,0.0,0.0
187,1997-08-08,0.0,-0.016457474963851637
188,1997-08-15,0.0,-0.05431186478998373
189,1997-08-22,0.0,-0.025016850954397762
190,1997-08-29,0.0,-0.04805796329915679
191,1997-09-05,0.0,-0.01892672804140738
192,1997-09-12,-0.005200758677706974,-0.024028452528365274
193,1997-09-19,0.0,0.0
194,1997-09-26,0.0,-0.005919058918642972
195,1997-10-03,0.0,0.0
196,1997-10-10,0.0,0.0
197,1997-10-17,0.0,-0.026774408911260816
198,1997-10-24,-0.00297960633405403,-0.029677458882474528
199,1997-10-31,-0.00297960633405403,-0.049677699577543644
200,1997-11-07,-0.00297960633405403,-0.04064525242348316
201,1997-11-14,-0.00297960633405403,-0.03935504175937887
202,1997-11-21,0.0,-0.0012902714456874964
203,1997-11-28,-0.011628262827055758,-0.012903504617455264
204,1997-12-05,0.0,0.0
205,1997-12-12,0.0,-0.03221716653099338
206,1997-12-19,0.0,-0.03819641048964606
207,1997-12-26,0.0,-0.04834434807987742
208,1998-01-02,0.0,-0.009973619599698336
209,1998-01-09,0.0,-0.06324868505672854
210,1998-01-16,0.0,-0.022658422558473834
211,1998-01-23,-0.0038884799077311127,-0.026463244495235294
212,1998-01-30,-0.0038884799077311127,-0.0023631425230794534
213,1998-02-06,-0.0038884799077311127,0.0
214,1998-02-13,-0.0038884799077311127,0.0
215,1998-02-20,-0.0038884799077311127,0.0
216,1998-02-27,-0.0038884799077311127,0.0
217,1998-03-06,-0.0038884799077311127,0.0
218,1998-03-13,-0.0038884799077311127,0.0
219,1998-03-20,-0.0038884799077311127,0.0
220,1998-03-27,-0.0038884799077311127,-0.0022751473076181306
221,1998-04-03,-0.0038884799077311127,0.0
222,1998-04-10,-0.0038884799077311127,-0.012489404314729224
223,1998-04-17,-0.0038884799077311127,-0.0027747191104610103
224,1998-04-24,-0.0038884799077311127,-0.015819877505567903
225,1998-05-01,-0.0038884799077311127,0.0
226,1998-05-08,-0.0038884799077311127,-0.013044223481700645
227,1998-05-15,-0.0038884799077311127,-0.013876919688860845
228,1998-05-22,-0.0038884799077311127,-0.011934273509955795
229,1998-05-29,-0.0038884799077311127,-0.031639755011135806
230,1998-06-05,-0.0038884799077311127,-0.005272807731941609
231,1998-06-12,-0.017775751749886326,-0.019150766213476
232,1998-06-19,-0.017995815034364537,-0.01936974370907152
233,1998-06-26,0.0,0.0
234,1998-07-03,0.0,0.0
235,1998-07-10,0.0,0.0
236,1998-07-17,0.0,0.0
237,1998-07-24,0.0,-0.03769120231146461
238,1998-07-31,0.0,-0.05719511891717066
239,1998-08-07,0.0,-0.07959947830381275
240,1998-08-14,0.0,-0.10490270708320681
241,1998-08-21,0.0,-0.08434363702642611
242,1998-08-28,0.0,-0.12809680900158982
243,1998-09-04,0.0,-0.1755403629629534
244,1998-09-11,0.0,-0.14232987518999896
245,1998-09-18,0.0,-0.13586226638504328
246,1998-09-25,0.0,-0.11761116012106043
247,1998-10-02,0.0,-0.1475004221105488
248,1998-10-09,0.0,-0.16601575925272716
249,1998-10-16,0.0,-0.10279918541760225
250,1998-10-23,0.0,-0.09565728143892638
251,1998-10-30,0.0,-0.06894233011119821
252,1998-11-06,0.0,-0.034027567924397095
253,1998-11-13,0.0,-0.04169803199622546
254,1998-11-20,0.0,-0.012866873560657077
255,1998-11-27,0.0,0.0
256,1998-12-04,0.0,-0.009414094142691454
257,1998-12-11,0.0,-0.019874490411392554
258,1998-12-18,0.0,-0.005074011146296797
259,1998-12-25,0.0,0.0
260,1999-01-01,0.0,0.0
261,1999-01-08,0.0,0.0
262,1999-01-15,0.0,-0.02641903573714699
263,1999-01-22,0.0,-0.04060699108968813
264,1999-01-29,0.0,-0.0007342926543723038
265,1999-02-05,-0.1125905266907321,-0.0288653787131814
266,1999-02-12,-0.1262972058145312,-0.032289932567624136
267,1999-02-19,-0.10671633929005053,-0.027397609184450222
268,1999-02-26,-0.12825478457034134,-0.032779219291275696
269,1999-03-05,-0.0034250372560421516,-0.0015900458885321767
270,1999-03-12,0.0,0.0
271,1999-03-19,0.0,0.0
272,1999-03-26,0.0,-0.008674726439709346
273,1999-04-02,0.0,-0.002650516836086192
274,1999-04-09,0.0,0.0
275,1999-04-16,-0.02478865194811386,-0.024791316641405325
276,1999-04-23,-0.02478865194811386,0.0
277,1999-04-30,-0.02478865194811386,-0.01886749283411726
278,1999-05-07,-0.012000715340443002,-0.0059820874195166684
279,1999-05-14,-0.02090666156744625,-0.014956324263636467
280,1999-05-21,-0.02090666156744625,-0.018177271606093393
281,1999-05-28,-0.02090666156744625,-0.04130253208699419
282,1999-06-04,-0.02090666156744625,-0.019098076906720163
283,1999-06-11,-0.045918407982609155,-0.04417849639792126
284,1999-06-18,-0.009897686329029765,-0.008059045172704171
285,1999-06-25,-0.009897686329029765,-0.027330038870129525
286,1999-07-02,0.0,0.0
287,1999-07-09,0.0,0.0
288,1999-07-16,0.0,0.0
289,1999-07-23,0.0,-0.042750619316435645
290,1999-07-30,0.0,-0.06390507517881061
291,1999-08-06,0.0,-0.08065228167674432
292,1999-08-13,0.0,-0.061040350910247176
293,1999-08-20,0.0,-0.05575163543068218
294,1999-08-27,0.0,-0.04759811447137685
295,1999-09-03,0.0,-0.041207688164672684
296,1999-09-10,-0.000688924935632107,-0.04186907199013501
297,1999-09-17,-0.000688924935632107,-0.05419692865825476
298,1999-09-24,-0.000688924935632107,-0.09662570808025206
299,1999-10-01,-0.000688924935632107,-0.0915431877790821
300,1999-10-08,0.0,-0.05331351347488322
301,1999-10-15,0.0,-0.11695587049610923
302,1999-10-22,0.0,-0.08005196865638364
303,1999-10-29,0.0,-0.031215140102274108
304,1999-11-05,0.0,-0.025027741738061993
305,1999-11-12,0.0,-0.011768474080965263
306,1999-11-19,0.0,0.0
307,1999-11-26,0.0,-0.007455282889889503
308,1999-12-03,0.0,0.0
309,1999-12-10,0.0,-0.01368673076609861
310,1999-12-17,0.0,-0.0056036970172910205
311,1999-12-24,0.0,0.0
312,1999-12-31,0.0,0.0
313,2000-01-07,0.0,-0.00765932075125586
314,2000-01-14,0.0,0.0
315,2000-01-21,0.0,-0.01722310392995674
316,2000-01-28,0.0,-0.07548344953167285
317,2000-02-04,0.0,-0.02976784756607087
318,2000-02-11,0.0,-0.05634673667668588
319,2000-02-18,0.0,-0.07931113508524679
320,2000-02-25,0.0,-0.09281280010975446
321,2000-03-03,0.0,-0.039761580338991465
322,2000-03-10,-0.007081380647664837,-0.046565809002357184
323,2000-03-17,-0.007081380647664837,0.0
324,2000-03-24,-0.007081380647664837,0.0
325,2000-03-31,-0.007081380647664837,-0.020756698930754935
326,2000-04-07,-0.007081380647664837,-0.013837501629674787
327,2000-04-14,-0.007081380647664837,-0.1143670045476115
328,2000-04-21,-0.007081380647664837,-0.06349168315193121
329,2000-04-28,-0.007081380647664837,-0.055148641223300876
330,2000-05-05,-0.007081380647664837,-0.06532346737644101
331,2000-05-12,-0.007081380647664837,-0.07000353617104127
332,2000-05-19,-0.007081380647664837,-0.08099267881625194
333,2000-05-26,-0.007081380647664837,-0.10134262878002709
334,2000-06-02,0.0,-0.03724007803388907
335,2000-06-09,0.0,-0.04538004313652433
336,2000-06-16,0.0,-0.043132654634557066
337,2000-06-23,0.0,-0.05761555212786429
338,2000-06-30,0.0,-0.05169998148570398
339,2000-07-07,0.0,-0.03334173223565218
340,2000-07-14,0.0,-0.01273974078794704
341,2000-07-21,0.0,-0.035993488444638566
342,2000-07-28,0.0,-0.07250534741689862
343,2000-08-04,0.0,-0.044560517638290165
344,2000-08-11,0.0,-0.03782943987407905
345,2000-08-18,0.0,-0.022938826026933534
346,2000-08-25,0.0,-0.01273974078794704
347,2000-09-01,0.0,-0.004580576776881395
348,2000-09-08,0.0,-0.022123095661761294
349,2000-09-15,0.0,-0.04461424481614584
350,2000-09-22,0.0,-0.049317605309733725
351,2000-09-29,0.0,-0.06015546353308743
352,2000-10-06,-0.017821117277850407,-0.07692399851647513
353,2000-10-13,-0.042162817143067244,-0.09982710564400299
354,2000-10-20,-0.025862546982855283,-0.08448978231116766
355,2000-10-27,-0.030208784806558975,-0.08857959629309275
356,2000-11-03,-0.005868350336759809,-0.06567678682306
357,2000-11-10,-0.005868350336759809,-0.1059617522025168
358,2000-11-17,-0.005868350336759809,-0.10585950685296863
359,2000-11-24,-0.005868350336759809,-0.11761757322225552
360,2000-12-01,-0.005868350336759809,-0.13479494077508836
361,2000-12-08,-0.005868350336759809,-0.1233434616256982
362,2000-12-15,-0.005868350336759809,-0.14034610422893923
363,2000-12-22,-0.0061051211797011895,-0.14055081817115678
364,2000-12-29,-0.004207943179083573,-0.1389100556440922
365,2001-01-05,-0.019386055471358854,-0.15203756973370974
366,2001-01-12,0.0,-0.1335767030622409
367,2001-01-19,0.0,-0.12034679479432775
368,2001-01-26,0.0,-0.10814239101122014
369,2001-02-02,-0.007910250920295625,-0.1151981386881521
370,2001-02-09,-0.029690239454753575,-0.13462758284849896
371,2001-02-16,-0.029690239454753575,-0.14407925011742595
372,2001-02-23,-0.029690239454753575,-0.17978639205183067
373,2001-03-02,-0.029690239454753575,-0.18864728360746608
374,2001-03-09,-0.031651009673333896,-0.19028856703514696
375,2001-03-16,-0.09471041843888917,-0.2430634641498337
376,2001-03-23,-0.09887852226332172,-0.2465519355773932
377,2001-03-30,-0.08149869322266423,-0.23200660442450016
378,2001-04-06,-0.1081576814888261,-0.25431804286625126
379,2001-04-13,-0.06451240531149316,-0.21779070570424885
380,2001-04-20,-0.020080313622450774,-0.18060532223507453
381,2001-04-27,-0.010014605632500562,-0.17218109422467076
382,2001-05-04,0.0,-0.1619140686624404
383,2001-05-11,-0.017183376608816192,-0.1763274631306545
384,2001-05-18,0.0,-0.14611842720160895
385,2001-05-25,-0.012630126986287071,-0.15691215770132227
386,2001-06-01,-0.012630126986287071,-0.16592864971249277
387,2001-06-08,-0.012630126986287071,-0.16415156005269738
388,2001-06-15,-0.012630126986287071,-0.19576524170086262
389,2001-06-22,-0.012630126986287071,-0.18916528206321903
390,2001-06-29,-0.014637682778758654,-0.19081512314388238
391,2001-07-06,-0.04314875996858092,-0.21424627466762092
392,2001-07-13,-0.017529084680576568,-0.19319154616995182
393,2001-07-20,-0.024756955594043006,-0.19913145031233215
394,2001-07-27,-0.029013741727275,-0.20262989326597558
395,2001-08-03,-0.01993867681415029,-0.19517096851200433
396,2001-08-10,-0.01993867681415029,-0.21266162057837246
397,2001-08-17,-0.01993867681415029,-0.2294265092574459
398,2001-08-24,-0.01993867681415029,-0.2144440680730786
399,2001-08-31,-0.01993867681415029,-0.24658683591868724
400,2001-09-07,-0.01993867681415029,-0.28242598895214455
401,2001-09-14,-0.01993867681415029,-0.2736479205945055
402,2001-09-21,-0.01993867681415029,-0.3555230050548197
403,2001-09-28,-0.01993867681415029,-0.3080884554731178
404,2001-10-05,0.0,-0.2896046691745304
405,2001-10-12,0.0,-0.274566119552347
406,2001-10-19,-0.019633123370409344,-0.2888097004196376
407,2001-10-26,0.0,-0.2691335726102718
408,2001-11-02,-0.009698958395384816,-0.27622258351227524
409,2001-11-09,0.0,-0.2532337510261743
410,2001-11-16,0.0,-0.24236865714202382
411,2001-11-23,0.0,-0.23362355435196103
412,2001-11-30,0.0,-0.2444226426865852
413,2001-12-07,0.0,-0.22779385789712137
414,2001-12-14,0.0,-0.25051770079825797
415,2001-12-21,0.0,-0.23584028413193858
416,2001-12-28,0.0,-0.22886051353061687
417,2002-01-04,0.0,-0.2180909677023759
418,2002-01-11,0.0,-0.2359073314826976
419,2002-01-18,0.0,-0.24780648750463607
420,2002-01-25,0.0,-0.2451475131013947
421,2002-02-01,0.0,-0.25113065199493045
422,2002-02-08,0.0,-0.26814869837354005
423,2002-02-15,0.0,-0.26283060073830977
424,2002-02-22,0.0,-0.27114008178437343
425,2002-03-01,0.0,-0.24388440352116925
426,2002-03-08,0.0,-0.2222790830720398
427,2002-03-15,-4.991582260460703e-05,-0.22231785296076945
428,2002-03-22,-0.013842652099777086,-0.23305145664648363
429,2002-03-29,-0.013842652099777086,-0.23651812466253097
430,2002-04-05,-0.013842652099777086,-0.24871851006945556
431,2002-04-12,-0.013842652099777086,-0.25718537751602455
432,2002-04-19,-0.013842652099777086,-0.2474517541849156
433,2002-04-26,-0.013842652099777086,-0.2840525383338206
434,2002-05-03,-0.013842652099777086,-0.28278578244928076
435,2002-05-10,-0.013842652099777086,-0.29518611927850213
436,2002-05-17,-0.013842652099777086,-0.2606522687751931
437,2002-05-24,-0.013842652099777086,-0.2753855706362073
438,2002-05-31,-0.013842652099777086,-0.28518616690370135
439,2002-06-07,-0.013842652099777086,-0.31105342178126594
440,2002-06-14,-0.013842652099777086,-0.32398686318411374
441,2002-06-21,-0.013842652099777086,-0.3358041633949148
442,2002-06-28,-0.013842652099777086,-0.33794454402741314
443,2002-07-05,-0.013842652099777086,-0.3356028725138903
444,2002-07-12,-0.013842652099777086,-0.3855114023656627
445,2002-07-19,-0.013842652099777086,-0.4332790678915075
446,2002-07-26,-0.013842652099777086,-0.4273246157390569
447,2002-08-02,-0.013842652099777086,-0.41936335675500946
448,2002-08-09,0.0,-0.38925771959830524
449,2002-08-16,0.0,-0.3763460816069696
450,2002-08-23,0.0,-0.36711356466876977
451,2002-08-30,0.0,-0.3859797664341169
452,2002-09-06,0.0,-0.39788800100965427
453,2002-09-13,0.0,-0.40009591268634115
454,2002-09-20,0.0,-0.43315754921915517
455,2002-09-27,0.0,-0.44390979370549655
456,2002-10-04,0.0,-0.4570140160961267
457,2002-10-11,0.0,-0.43443431383696596
458,2002-10-18,0.0,-0.4043285278515142
459,2002-10-25,0.0,-0.3938448820472644
460,2002-11-01,0.0,-0.3933745459979058
461,2002-11-08,-0.006866010725674276,-0.39754111840636563
462,2002-11-15,0.0,-0.38578089402023963
463,2002-11-22,0.0,-0.3722063355802506
464,2002-11-29,0.0,-0.36844267979852163
465,2002-12-06,0.0,-0.38154705101789943
466,2002-12-13,0.0,-0.39962434879981534
467,2002-12-20,0.0,-0.39228441262948854
468,2002-12-27,0.0,-0.4099100523698598
469,2003-01-03,0.0,-0.3831001906198599
470,2003-01-10,0.0,-0.3715524564780095
471,2003-01-17,0.0,-0.38775946059699384
472,2003-01-24,0.0,-0.41666323120307813
473,2003-01-31,0.0,-0.4188242618242952
474,2003-02-07,0.0,-0.4366526063187923
475,2003-02-14,0.0,-0.4317227656786622
476,2003-02-21,0.0,-0.4247670309200654
477,2003-02-28,-0.003285520290235322,-0.42665790015734184
478,2003-03-07,-0.02182738944761442,-0.4373278051391163
479,2003-03-14,-0.012321525458818039,-0.43185786497422585
480,2003-03-21,0.0,-0.39200394485478196
481,2003-03-28,-0.032997914328148026,-0.41207387353009295
482,2003-04-04,-0.016164520909857427,-0.40183542308738696
483,2003-04-11,-0.028092523006926218,-0.40909022921413074
484,2003-04-18,-0.028092523006926218,-0.392749502465497
485,2003-04-25,-0.028092523006926218,-0.3882068398120473
486,2003-05-02,-0.028092523006926218,-0.3680012537333692
487,2003-05-09,-0.028092523006926218,-0.3644753518758078
488,2003-05-16,-0.028092523006926218,-0.3567455588013453
489,2003-05-23,-0.028092523006926218,-0.36427182856357054
490,2003-05-30,-0.028092523006926218,-0.34264284434358494
491,2003-06-06,-0.028092523006926218,-0.326980181368665
492,2003-06-13,-0.028092523006926218,-0.3249460644618979
493,2003-06-20,-0.028092523006926218,-0.3233242776001425
494,2003-06-27,-0.028092523006926218,-0.3354367052172811
495,2003-07-04,0.0,-0.32808731842148664
496,2003-07-11,0.0,-0.31788004760138666
497,2003-07-18,-0.027041660552006297,-0.3228478023649485
498,2003-07-25,-0.00037065011991554986,-0.3179481367533784
499,2003-08-01,-0.06408317778186678,-0.32965269918793094
500,2003-08-08,-0.07260326955474639,-0.3312177078825064
501,2003-08-15,-0.02296612956132782,-0.32209911935053526
502,2003-08-22,-0.01740840317308512,-0.3210783029712767
503,2003-08-29,0.0,-0.30971433512543
504,2003-09-05,0.0,-0.3002555984909957
505,2003-09-12,-0.012842451286600443,-0.3028413491504558
506,2003-09-19,-0.012842451286600443,-0.29183129606621816
507,2003-09-26,-0.012842451286600443,-0.3172423908326255
508,2003-10-03,-0.012842451286600443,-0.29374389430063297
509,2003-10-10,-0.0015786349669503208,-0.2856833293348011
510,2003-10-17,-0.00453828775960341,-0.28780071592580714
511,2003-10-24,-0.00453828775960341,-0.29244610762223466
512,2003-10-31,0.0,-0.28069659890593024
513,2003-11-07,0.0,-0.2785789890718028
514,2003-11-14,0.0,-0.27960382382724447
515,2003-11-21,0.0,-0.2881426499732407
516,2003-11-28,0.0,-0.2728410455398109
517,2003-12-05,0.0,-0.2701087729784146
518,2003-12-12,0.0,-0.26129684608071413
519,2003-12-19,0.0,-0.2525899178643909
520,2003-12-26,0.0,-0.24709925329640803
521,2004-01-02,0.0,-0.23659871542931443
522,2004-01-09,0.0,-0.22863756806682778
523,2004-01-16,0.0,-0.2160088535245327
524,2004-01-23,0.0,-0.21463642922925175
525,2004-01-30,0.0,-0.22115639341510196
526,2004-02-06,0.0,-0.21449891146654076
527,2004-02-13,0.0,-0.20983238608796506
528,2004-02-20,0.0,-0.21154793506065972
529,2004-02-27,0.0,-0.21058724549540042
530,2004-03-05,0.0,-0.2012531529370164
531,2004-03-12,0.0,-0.22733345616665968
532,2004-03-19,0.0,-0.23509361030561693
533,2004-03-26,0.0,-0.23530003577843106
534,2004-04-02,0.0,-0.21043707728914995
535,2004-04-09,0.0,-0.2122961715888303
536,2004-04-16,0.0,-0.21601547640379748
537,2004-04-23,0.0,-0.21236522812768088
538,2004-04-30,0.0,-0.23578209209165724
539,2004-05-07,0.0,-0.24266951445514107
540,2004-05-14,0.0,-0.2421184016030643
541,2004-05-21,0.0,-0.2437023859629489
542,2004-05-28,0.0,-0.22269632446571974
543,2004-06-04,0.0,-0.22186958077323093
544,2004-06-11,0.0,-0.2124342102521577
545,2004-06-18,0.0,-0.21453641631091647
546,2004-06-25,0.0,-0.21308474070757955
547,2004-07-02,0.0,-0.21972049365900248
548,2004-07-09,0.0,-0.22767033003667747
549,2004-07-16,0.0,-0.23472049663557748
550,2004-07-23,0.0,-0.24681759489172128
551,2004-07-30,0.0,-0.23382224072990387
552,2004-08-06,-0.03598417355183059,-0.2614026633202028
553,2004-08-13,-0.03291802405909694,-0.25905221091057606
554,2004-08-20,-0.0032461514293261606,-0.23631028531661535
555,2004-08-27,0.0,-0.22960555024071572
556,2004-09-03,0.0,-0.22497392520343418
557,2004-09-10,0.0,-0.21847621091533853
558,2004-09-17,0.0,-0.2145984778986334
559,2004-09-24,-0.014930819569044074,-0.22632938302149752
560,2004-10-01,0.0,-0.2111281635782718
561,2004-10-08,0.0,-0.21904079276906607
562,2004-10-15,0.0,-0.22771750874964214
563,2004-10-22,0.0,-0.23653293312290946
564,2004-10-29,0.0,-0.21425155808815788
565,2004-11-05,0.0,-0.1859310845508022
566,2004-11-12,0.0,-0.1754500432496341
567,2004-11-19,0.0,-0.18254396550030583
568,2004-11-26,0.0,-0.1760694684968238
569,2004-12-03,0.0,-0.16980400146923746
570,2004-12-10,0.0,-0.16924671222413856
571,2004-12-17,0.0,-0.16455317442788753
572,2004-12-24,0.0,-0.1552505591496045
573,2004-12-31,0.0,-0.15455084079312642
574,2005-01-07,0.0,-0.1715478279039615
575,2005-01-14,0.0,-0.17294689254504914
576,2005-01-21,0.0,-0.18315900029944354
577,2005-01-28,0.0,-0.17861280296324
578,2005-02-04,0.0,-0.1590273862754893
579,2005-02-11,0.0,-0.1552505591496045
580,2005-02-18,0.0,-0.15790819409411827
581,2005-02-25,0.0,-0.15063374257270146
582,2005-03-04,0.0,-0.14154060375655675
583,2005-03-11,0.0,-0.15790819409411827
584,2005-03-18,0.0,-0.16759166213731191
585,2005-03-25,0.0,-0.17742276829804815
586,2005-04-01,0.0,-0.1753862701313207
587,2005-04-08,0.0,-0.17138359538107018
588,2005-04-15,0.0,-0.1984187094404457
589,2005-04-22,0.0,-0.18844748101391684
590,2005-04-29,0.0,-0.1871834040468323
591,2005-05-06,0.0,-0.17777385531345424
592,2005-05-13,-0.011699582559142052,-0.18739444321081955
593,2005-05-20,-0.011699582559142052,-0.16351859138948321
594,2005-05-27,-0.011699582559142052,-0.15558378671530804
595,2005-06-03,-0.011699582559142052,-0.15628596074612033
596,2005-06-10,-0.011699582559142052,-0.15593472490196658
597,2005-06-17,-0.011699582559142052,-0.14434937429417982
598,2005-06-24,-0.011699582559142052,-0.16112966674862184
599,2005-07-01,-0.011699582559142052,-0.1572522313894117
600,2005-07-08,0.0,-0.1446312559419879
601,2005-07-15,0.0,-0.1339146187334913
602,2005-07-22,0.0,-0.1289794574656371
603,2005-07-29,0.0,-0.12756930508285902
604,2005-08-05,0.0,-0.13363273708568324
605,2005-08-12,0.0,-0.1323635255268092
606,2005-08-19,0.0,-0.13652343784881749
607,2005-08-26,0.0,-0.14857975702814008
608,2005-09-02,0.0,-0.1379335158172218
609,2005-09-09,0.0,-0.12150609632315612
610,2005-09-16,0.0,-0.12555498239951246
611,2005-09-23,0.0,-0.14014101821485292
612,2005-09-30,0.0,-0.1288118762959264
613,2005-10-07,0.0,-0.15309797455980934
614,2005-10-14,0.0,-0.15975381939214783
615,2005-10-21,0.0,-0.16357745315912842
616,2005-10-28,0.0,-0.15175300916844625
617,2005-11-04,0.0,-0.1353965065725753
618,2005-11-11,0.0,-0.12371367313516102
619,2005-11-18,0.0,-0.11401361068661853
620,2005-11-25,0.0,-0.09985262977420306
621,2005-12-02,-0.002202308387856289,-0.10183495427683231
622,2005-12-09,-0.002202308387856289,-0.10551690307617123
623,2005-12-16,-0.002202308387856289,-0.10056164992740135
624,2005-12-23,-0.002202308387856289,-0.09771440715854385
625,2005-12-30,-0.002202308387856289,-0.11373038958008275
626,2006-01-06,-0.002202308387856289,-0.08575646378133395
627,2006-01-13,-0.002202308387856289,-0.08404776093102528
628,2006-01-20,-0.002202308387856289,-0.10333797579806447
629,2006-01-27,-0.002202308387856289,-0.08504469029630624
630,2006-02-03,-0.002202308387856289,-0.10120272975735567
631,2006-02-10,-0.002202308387856289,-0.09856875858369818
632,2006-02-17,0.0,-0.08312256702205001
633,2006-02-24,0.0,-0.07885170286876342
634,2006-03-03,0.0,-0.08347834214300309
635,2006-03-10,0.0,-0.08468861751785806
636,2006-03-17,0.0,-0.06654140743179326
637,2006-03-24,0.0,-0.06947125015552613
638,2006-03-31,0.0,-0.07218707714032124
639,2006-04-07,0.0,-0.07425944303520182
640,2006-04-14,0.0,-0.08019086393897323
641,2006-04-21,0.0,-0.06275393905046078
642,2006-04-28,0.0,-0.060467110930400025
643,2006-05-05,0.0,-0.052963239894676994
644,2006-05-12,0.0,-0.07640361880076185
645,2006-05-19,0.0,-0.09169673999558292
646,2006-05-26,0.0,-0.08254935310096612
647,2006-06-02,0.0,-0.07811857245846632
648,2006-06-09,-0.02829038703533948,-0.10420289406429284
649,2006-06-16,-0.02944589885962756,-0.1052680614103132
650,2006-06-23,-0.031080661170234003,-0.10677525013647604
651,2006-06-30,-0.0089708136669433,-0.08639010217391185
652,2006-07-07,-0.014186718336667958,-0.09119913107824063
653,2006-07-14,-0.014186718336667958,-0.11337907932155544
654,2006-07-21,-0.010754962425197245,-0.11029281758417608
655,2006-07-28,0.0,-0.08136549482879651
656,2006-08-04,0.0,-0.07978612416008513
657,2006-08-11,-0.00928202251898469,-0.08832792688103197
658,2006-08-18,-0.00928202251898469,-0.06191320545570478
659,2006-08-25,-0.00928202251898469,-0.06822964632931772
660,2006-09-01,-0.00928202251898469,-0.0566731684985502
661,2006-09-08,-0.00928202251898469,-0.06485614510921978
662,2006-09-15,-0.00928202251898469,-0.04863120712615865
663,2006-09-22,-0.00928202251898469,-0.05216402952048005
664,2006-09-29,-0.00928202251898469,-0.03695209440743252
665,2006-10-06,-0.00928202251898469,-0.02664242940903694
666,2006-10-13,-0.00928202251898469,-0.014962944618441942
667,2006-10-20,-0.00928202251898469,-0.013448835355519106
668,2006-10-27,-0.00928202251898469,-0.005734594885172695
669,2006-11-03,-0.00928202251898469,-0.015611837957641095
670,2006-11-10,-0.00928202251898469,-0.003355716184769153
671,2006-11-17,0.0,0.0
672,2006-11-24,0.0,-0.0004983690908255678
673,2006-12-01,0.0,-0.0014243212201955346
674,2006-12-08,0.0,0.0
675,2006-12-15,0.0,0.0
676,2006-12-22,0.0,-0.011170148785323186
677,2006-12-29,0.0,-0.005058328888801755
678,2007-01-05,0.0,-0.012645930390702276
679,2007-01-12,0.0,0.0
680,2007-01-19,-0.0029316078056553785,-0.0029325155950450377
681,2007-01-26,-0.0029316078056553785,-0.007749242148625268
682,2007-02-02,0.0,0.0
683,2007-02-09,0.0,-0.006007712719110936
684,2007-02-16,0.0,0.0
685,2007-02-23,0.0,-0.002950310646502974
686,2007-03-02,0.0,-0.04844540104559347
687,2007-03-09,0.0,-0.03396671298471954
688,2007-03-16,-0.01207602020622689,-0.04563553777964091
689,2007-03-23,0.0,-0.012153769737294318
690,2007-03-30,0.0,-0.021729829953017088
691,2007-04-06,0.0,-0.0062980859712648
692,2007-04-13,0.0,0.0
693,2007-04-20,0.0,0.0
694,2007-04-27,0.0,0.0
695,2007-05-04,0.0,0.0
696,2007-05-11,0.0,-0.0003971158630580174
697,2007-05-18,0.0,0.0
698,2007-05-25,0.0,-0.006093298155805615
699,2007-06-01,0.0,0.0
700,2007-06-08,0.0,-0.01973025072205581
701,2007-06-15,0.0,-0.0022732471018074296
702,2007-06-22,0.0,-0.018698500840681476
703,2007-06-29,0.0,-0.01948062418313179
704,2007-07-06,0.0,-0.0028598893747016074
705,2007-07-13,0.0,0.0
706,2007-07-20,-0.008716848702451485,-0.008718427854791155
707,2007-07-27,-0.008716848702451485,-0.0628998638758479
708,2007-08-03,-0.008716848702451485,-0.07135979652772317
709,2007-08-10,-0.008716848702451485,-0.06548323811129175
710,2007-08-17,-0.008716848702451485,-0.06548323811129175
711,2007-08-24,0.0,-0.04210546315016783
712,2007-08-31,-0.0049874993986637195,-0.046884337333873094
713,2007-09-07,-0.015232220714338607,-0.056700580904199493
714,2007-09-14,0.0,-0.03842466764761632
715,2007-09-21,0.0,-0.013943291727351537
716,2007-09-28,0.0,-0.009985264721571463
717,2007-10-05,0.0,0.0
718,2007-10-12,0.0,0.0
719,2007-10-19,0.0,-0.04260227868478361
720,2007-10-26,0.0,-0.017335220906093296
721,2007-11-02,0.0,-0.03281495078953156
722,2007-11-09,0.0,-0.07157921671174639
723,2007-11-16,0.0,-0.06742161799672686
724,2007-11-23,0.0,-0.07804028416252962
725,2007-11-30,0.0,-0.04906315170079545
726,2007-12-07,0.0,-0.034670312189005514
727,2007-12-14,0.0,-0.05859389050950281
728,2007-12-21,0.0,-0.047424001767023216
729,2007-12-28,0.0,-0.052761560297560295
730,2008-01-04,0.0,-0.09128148652382317
731,2008-01-11,0.0,-0.09874091171371646
732,2008-01-18,-0.05772355940001983,-0.15076504573527094
733,2008-01-25,-0.050731347072167865,-0.14446296111583268
734,2008-02-01,-0.004066835166836258,-0.10240600715299597
735,2008-02-08,-0.004066835166836258,-0.14426995219950767
736,2008-02-15,0.0,-0.13095868850895043
737,2008-02-22,0.0,-0.12787158283319844
738,2008-02-29,-0.013268053406869429,-0.13944693288545928
739,2008-03-07,-0.013268053406869429,-0.16587722908933433
740,2008-03-14,-0.013268053406869429,-0.1665202248780715
741,2008-03-21,0.0,-0.1464316779869831
742,2008-03-28,0.0,-0.15011524472953774
743,2008-04-04,0.0,-0.11534654854624682
744,2008-04-11,0.0,-0.13803008670688988
745,2008-04-18,0.0,-0.10507138380976655
746,2008-04-25,0.0,-0.09783341982440086
747,2008-05-02,0.0,-0.08549018204862813
748,2008-05-09,0.0,-0.1023570744022152
749,2008-05-16,0.0,-0.07805784810353833
750,2008-05-23,0.0,-0.11050000262486936
751,2008-05-30,0.0,-0.09298609616393816
752,2008-06-06,0.0,-0.1192240963789829
753,2008-06-13,0.0,-0.1201291254278618
754,2008-06-20,0.0,-0.14540953439418225
755,2008-06-27,0.0,-0.17171364243147424
756,2008-07-04,0.0,-0.17963731304367625
757,2008-07-11,0.0,-0.19567947790893714
758,2008-07-18,0.0,-0.18178089158582877
759,2008-07-25,-0.0039677124520964835,-0.1850278226436013
760,2008-08-01,-0.0039677124520964835,-0.18061156087114294
761,2008-08-08,-0.0039677124520964835,-0.15976290364739554
762,2008-08-15,-0.0039677124520964835,-0.15456741212309877
763,2008-08-22,-0.0039677124520964835,-0.1579444848544712
764,2008-08-29,-0.0039677124520964835,-0.16353001253002475
765,2008-09-05,-0.0039677124520964835,-0.19191249864948845
766,2008-09-12,-0.0039677124520964835,-0.18106640861283818
767,2008-09-19,-0.0039677124520964835,-0.18919455979287247
768,2008-09-26,-0.0039677124520964835,-0.21055587669698617
769,2008-10-03,-0.0039677124520964835,-0.2792118314336084
770,2008-10-10,-0.0039677124520964835,-0.4218798355522554
771,2008-10-17,-0.0039677124520964835,-0.39111228290466626
772,2008-10-24,-0.0039677124520964835,-0.4314170555200064
773,2008-10-31,0.0,-0.36746480195943587
774,2008-11-07,0.0,-0.3868660867455177
775,2008-11-14,0.0,-0.4341608542012072
776,2008-11-21,0.0,-0.4805411301158138
777,2008-11-28,0.0,-0.4114933893149927
778,2008-12-05,-0.02397553372022898,-0.42560345585770076
779,2008-12-12,-0.012209782936602132,-0.4186790503468749
780,2008-12-19,-0.013143549956710965,-0.4192283285758386
781,2008-12-26,-0.0246690035781868,-0.42601144481950914
782,2009-01-02,0.0,-0.38781596541497987
783,2009-01-09,-0.04163013566724427,-0.41330137344185647
784,2009-01-16,-0.0849816797945917,-0.43984074755243885
785,2009-01-23,-0.0849816797945917,-0.4526826457050428
786,2009-01-30,-0.09731047420631145,-0.45452627620664765
787,2009-02-06,0.0,-0.4271967191854428
788,2009-02-13,0.0,-0.4549874106726154
789,2009-02-20,0.0,-0.49015362874585877
790,2009-02-27,0.0,-0.5131370177296642
791,2009-03-06,-0.06776459295516868,-0.5461302003929008
792,2009-03-13,0.0,-0.4989124291066519
793,2009-03-20,0.0,-0.4912136871190659
794,2009-03-27,0.0,-0.4587140771228113
795,2009-04-03,0.0,-0.4411376922886975
796,2009-04-10,0.0,-0.43085721300180135
797,2009-04-17,0.0,-0.4224337154041401
798,2009-04-24,-0.004822733791455258,-0.425219382372764
799,2009-05-01,0.0,-0.4170612882379472
800,2009-05-08,0.0,-0.38330131964823644
801,2009-05-15,0.0,-0.4116228180610978
802,2009-05-22,0.0,-0.4095665407312653
803,2009-05-29,0.0,-0.3862861526342768
804,2009-06-05,0.0,-0.3728881062241227
805,2009-06-12,0.0,-0.3693728551819362
806,2009-06-19,0.0,-0.38608763473276464
807,2009-06-26,0.0,-0.38742165169875387
808,2009-07-03,-0.08840386499664887,-0.40096176511514847
809,2009-07-10,-0.16897163184714137,-0.41330137344185647
810,2009-07-17,0.0,-0.3721473097454142
811,2009-07-24,0.0,-0.3459338731231455
812,2009-07-31,0.0,-0.34093139051517374
813,2009-08-07,0.0,-0.3249898132382729
814,2009-08-14,0.0,-0.3277246031084028
815,2009-08-21,0.0,-0.3131839931704139
816,2009-08-28,0.0,-0.31044907367710306
817,2009-09-04,0.0,-0.3192536634265408
818,2009-09-11,0.0,-0.3011775812301486
819,2009-09-18,0.0,-0.28478050809564814
820,2009-09-25,0.0,-0.29999366790761417
821,2009-10-02,0.0,-0.3131296162460362
822,2009-10-09,0.0,-0.2811618177551223
823,2009-10-16,0.0,-0.27023743531722255
824,2009-10-23,-0.028475111535717468,-0.27566618375550633
825,2009-10-30,-0.028475111535717468,-0.30595853782200266
826,2009-11-06,-0.028475111535717468,-0.282032950342202
827,2009-11-13,-0.005895826070452914,-0.26534513241299573
828,2009-11-20,-0.007618332430715968,-0.2666187449766967
829,2009-11-27,-0.0063489464433008624,-0.26568033795874213
830,2009-12-04,0.0,-0.2560296977077242
831,2009-12-11,0.0,-0.2553594162394125
832,2009-12-18,0.0,-0.2574145917722075
833,2009-12-25,0.0,-0.24211957492151803
834,2010-01-01,0.0,-0.2491271337028761
835,2010-01-08,0.0,-0.22803744217428878
836,2010-01-15,0.0,-0.23430375079580534
837,2010-01-22,0.0,-0.26415253433734265
838,2010-01-29,0.0,-0.2764156649873335
839,2010-02-05,0.0,-0.2813344110204591
840,2010-02-12,0.0,-0.2720361513866537
841,2010-02-19,0.0,-0.2511486072086432
842,2010-02-26,-0.003598925326118496,-0.25384386200860576
843,2010-03-05,0.0,-0.2301935293533961
844,2010-03-12,0.0,-0.2220406849574047
845,2010-03-19,0.0,-0.21538647896711582
846,2010-03-26,0.0,-0.211259471322783
847,2010-04-02,0.0,-0.20300532641093694
848,2010-04-09,0.0,-0.19116541544650745
849,2010-04-16,-0.001589459998658671,-0.19245108296602975
850,2010-04-23,-0.001589459998658671,-0.17587500021873903
851,2010-04-30,-0.001589459998658671,-0.19617198118467682
852,2010-05-07,-0.001589459998658671,-0.24725291213058442
853,2010-05-14,-0.001589459998658671,-0.22945901959895998
854,2010-05-21,-0.001589459998658671,-0.2617989014305797
855,2010-05-28,-0.001589459998658671,-0.2600398500544968
856,2010-06-04,-0.001589459998658671,-0.27729243618278143
857,2010-06-11,-0.001589459998658671,-0.25794254698791697
858,2010-06-18,-0.001589459998658671,-0.24047647148072904
859,2010-06-25,-0.001589459998658671,-0.26671615679712524
860,2010-07-02,-0.001589459998658671,-0.30525999850025975
861,2010-07-09,-0.001589459998658671,-0.2661042705717983
862,2010-07-16,-0.001589459998658671,-0.27494165498599776
863,2010-07-23,-0.001589459998658671,-0.24944950655371567
864,2010-07-30,-0.001589459998658671,-0.2504015240056622
865,2010-08-06,-0.001589459998658671,-0.23598975950946444
866,2010-08-13,-0.001589459998658671,-0.26372516670999324
867,2010-08-20,-0.001589459998658671,-0.2690273381121512
868,2010-08-27,-0.0078102632846412945,-0.27358203744178544
869,2010-09-03,0.0,-0.24618676146787621
870,2010-09-10,0.0,-0.24217602581678965
871,2010-09-17,0.0,-0.23121638587369153
872,2010-09-24,0.0,-0.21529276140734233
873,2010-10-01,-0.0018291101675705912,-0.21672781964282462
874,2010-10-08,-0.0018291101675705912,-0.2035374943800251
875,2010-10-15,-0.0018291101675705912,-0.19560999988398708
876,2010-10-22,-0.0018291101675705912,-0.19116748941740147
877,2010-10-29,-0.0018291101675705912,-0.19021080553094338
878,2010-11-05,-0.0018291101675705912,-0.16130185486235027
879,2010-11-12,-0.0018291101675705912,-0.17852443322426192
880,2010-11-19,-0.0018291101675705912,-0.17790924160782262
881,2010-11-26,-0.051284682199355114,-0.18809217945110945
882,2010-12-03,0.0,-0.16014004229215517
883,2010-12-10,0.0,-0.1492737310392882
884,2010-12-17,0.0,-0.14603619766212939
885,2010-12-24,0.0,-0.1371050956881561
886,2010-12-31,0.0,-0.13607452658859853
887,2011-01-07,0.0,-0.12652505723025465
888,2011-01-14,0.0,-0.11168514736762203
889,2011-01-21,0.0,-0.11807466282256163
890,2011-01-28,0.0,-0.12254018140375311
891,2011-02-04,0.0,-0.09897565929428342
892,2011-02-11,0.0,-0.0855100792068928
893,2011-02-18,0.0,-0.07575418493300345
894,2011-02-25,0.0,-0.09086883112750321
895,2011-03-04,0.0,-0.08990709193699098
896,2011-03-11,0.0,-0.10110536815608229
897,2011-03-18,0.0,-0.11845251439481619
898,2011-03-25,0.0,-0.09402645181365188
899,2011-04-01,0.0,-0.0812613553957171
900,2011-04-08,-0.0021775441278125696,-0.0832623484389059
901,2011-04-15,-0.0021775441278125696,-0.08892052990734067
902,2011-04-22,0.0,-0.07691450683661816
903,2011-04-29,0.0,-0.058629407261062916
904,2011-05-06,0.0,-0.07401619732381293
905,2011-05-13,0.0,-0.07512006833215601
906,2011-05-20,0.0,-0.07808733737718776
907,2011-05-27,0.0,-0.07877738638058307
908,2011-06-03,-0.02314218717104266,-0.10009845528703476
909,2011-06-10,-0.04426269977208108,-0.11955651502634035
910,2011-06-17,-0.04366431561547812,-0.11900529244966362
911,2011-06-24,-0.04547079419029676,-0.12066952446893542
912,2011-07-01,0.0,-0.07136734762260388
913,2011-07-08,0.0,-0.06803875396087944
914,2011-07-15,-0.020162174195531346,-0.08683016168093782
915,2011-07-22,-0.020162174195531346,-0.06679041791744933
916,2011-07-29,-0.020162174195531346,-0.10319508826658097
917,2011-08-05,-0.020162174195531346,-0.16733685091759276
918,2011-08-12,-0.020162174195531346,-0.18092816549043356
919,2011-08-19,-0.020162174195531346,-0.21892771945706813
920,2011-08-26,-0.020162174195531346,-0.18196806745901428
921,2011-09-02,-0.020162174195531346,-0.18280037790342152
922,2011-09-09,-0.020162174195531346,-0.19618319358982272
923,2011-09-16,-0.020162174195531346,-0.1529920367943176
924,2011-09-23,-0.020162174195531346,-0.20861366776632506
925,2011-09-30,-0.020162174195531346,-0.21133186586930264
926,2011-10-07,-0.020162174195531346,-0.19348845728258357
927,2011-10-14,-0.020162174195531346,-0.14567370643680855
928,2011-10-21,-0.020162174195531346,-0.13591521969930154
929,2011-10-28,-0.020162174195531346,-0.10364358447241329
930,2011-11-04,-0.020162174195531346,-0.12539040071645313
931,2011-11-11,-0.020162174195531346,-0.11716561545507564
932,2011-11-18,-0.020162174195531346,-0.14978561298056892
933,2011-11-25,-0.020162174195531346,-0.18909721278403435
934,2011-12-02,-0.020162174195531346,-0.12971177832051006
935,2011-12-09,-0.020162174195531346,-0.12141751503418263
936,2011-12-16,-0.020162174195531346,-0.14712918032327904
937,2011-12-23,0.0,-0.11346059607608594
938,2011-12-30,0.0,-0.11970337809027332
939,2012-01-06,0.0,-0.1042017418892669
940,2012-01-13,0.0,-0.09627547881344756
941,2012-01-20,0.0,-0.07446112889217094
942,2012-01-27,0.0,-0.07537263910009362
943,2012-02-03,0.0,-0.05629385678803234
944,2012-02-10,0.0,-0.057556386569768136
945,2012-02-17,0.0,-0.04317735192674166
946,2012-02-24,0.0,-0.03952956118210893
947,2012-03-02,0.0,-0.036864054902157495
948,2012-03-09,0.0,-0.035040515993588706
949,2012-03-16,0.0,-0.011578785066554076
950,2012-03-23,0.0,-0.016158047988964253
951,2012-03-30,0.0,-0.007985630492660767
952,2012-04-06,0.0,-0.01517174520567588
953,2012-04-13,0.0,-0.03384104788934905
954,2012-04-20,0.0,-0.028134711409218527
955,2012-04-27,0.0,-0.010944474030935458
956,2012-05-04,0.0,-0.03482722104945635
957,2012-05-11,0.0,-0.04462012274148619
958,2012-05-18,0.0,-0.08597432462920152
959,2012-05-25,0.0,-0.06934788327614039
960,2012-06-01,0.0,-0.0971055856637798
961,2012-06-08,0.0,-0.06230299301868991
962,2012-06-15,0.0,-0.05007952706204721
963,2012-06-22,-0.005069443934930806,-0.05489496342001421
964,2012-06-29,-0.005069443934930806,-0.036200060158118275
965,2012-07-06,-0.005069443934930806,-0.04051929897969053
966,2012-07-13,-0.005069443934930806,-0.03867826094170346
967,2012-07-20,-0.005069443934930806,-0.03357953312193085
968,2012-07-27,-0.005069443934930806,-0.017929543190411623
969,2012-08-03,-0.005069443934930806,-0.013184816277612366
970,2012-08-10,-0.005069443934930806,-0.0026334245426845593
971,2012-08-17,-0.005069443934930806,0.0
972,2012-08-24,-0.005069443934930806,-0.004712032515740816
973,2012-08-31,-0.005069443934930806,-0.007173873497742678
974,2012-09-07,0.0,0.0
975,2012-09-14,0.0,0.0
976,2012-09-21,0.0,-0.004016408997437382
977,2012-09-28,0.0,-0.01698942994975816
978,2012-10-05,0.0,-0.0021727991970165172
979,2012-10-12,0.0,-0.024363558360848026
980,2012-10-19,0.0,-0.020949337217304187
981,2012-10-26,0.0,-0.03487816356076012
982,2012-11-02,0.0,-0.0334443622368793
983,2012-11-09,0.0,-0.05665905208993294
984,2012-11-16,0.0,-0.06888114081032926
985,2012-11-23,0.0,-0.03487816356076012
986,2012-11-30,0.0,-0.02941608103877158
987,2012-12-07,0.0,-0.027640534378319148
988,2012-12-14,-0.0021768607825771724,-0.029757515584749705
989,2012-12-21,0.0,-0.018130839483309513
990,2012-12-28,0.0,-0.03710995081241597
991,2013-01-04,0.0,0.0
992,2013-01-11,0.0,0.0
993,2013-01-18,0.0,0.0
994,2013-01-25,0.0,0.0
995,2013-02-01,0.0,0.0
996,2013-02-08,0.0,0.0
997,2013-02-15,0.0,0.0
998,2013-02-22,0.0,-0.0014464554176173428
999,2013-03-01,0.0,0.0
1000,2013-03-08,0.0,0.0
1001,2013-03-15,0.0,0.0
1002,2013-03-22,0.0,-0.0014756681654739534
1003,2013-03-29,0.0,0.0
1004,2013-04-05,0.0,-0.009638524873041843
1005,2013-04-12,0.0,0.0
1006,2013-04-19,0.0,-0.020906675673653896
1007,2013-04-26,0.0,-0.0035262128263426895
1008,2013-05-03,0.0,0.0
1009,2013-05-10,0.0,0.0
1010,2013-05-17,0.0,0.0
1011,2013-05-24,0.0,-0.009764171164045599
1012,2013-05-31,0.0,-0.020905696066601198
1013,2013-06-07,0.0,-0.012818823697858917
1014,2013-06-14,0.0,-0.022523048977081683
1015,2013-06-21,-0.020028643699252835,-0.04210066337237439
1016,2013-06-28,-0.011712117888576734,-0.03397120354948635
1017,2013-07-05,0.0,-0.018314545976768626
1018,2013-07-12,0.0,0.0
1019,2013-07-19,0.0,0.0
1020,2013-07-26,-0.00035454629411690863,-0.0003545475914523699
1021,2013-08-02,-0.00035454629411690863,0.0
1022,2013-08-09,-0.00035454629411690863,-0.009593237593317205
1023,2013-08-16,-0.00035454629411690863,-0.029950314618226948
1024,2013-08-23,-0.00035454629411690863,-0.025328966661360197
1025,2013-08-30,-0.018173110880635557,-0.042702197719332036
1026,2013-09-06,-0.003833851866215099,-0.02872169064356389
1027,2013-09-13,0.0,-0.009476250722658341
1028,2013-09-20,0.0,0.0
1029,2013-09-27,-0.010602085969316888,-0.010602070840568856
1030,2013-10-04,-0.010602085969316888,-0.010719586362062827
1031,2013-10-11,-0.010602085969316888,-0.0026947164875424923
1032,2013-10-18,-0.010602085969316888,0.0
1033,2013-10-25,-0.010602085969316888,0.0
1034,2013-11-01,-0.010602085969316888,0.0
1035,2013-11-08,-0.010602085969316888,0.0
1036,2013-11-15,-0.010602085969316888,0.0
1037,2013-11-22,-0.010602085969316888,0.0
1038,2013-11-29,-0.010602085969316888,0.0
1039,2013-12-06,-0.010602085969316888,-0.0003317359476356918
1040,2013-12-13,-0.010602085969316888,-0.015967031943710852
1041,2013-12-20,-0.010602085969316888,0.0
1042,2013-12-27,0.0,0.0
1043,2014-01-03,0.0,-0.005222050650334542
1044,2014-01-10,0.0,0.0
1045,2014-01-17,0.0,-0.0027154205398813858
1046,2014-01-24,0.0,-0.028510953299693997
1047,2014-01-31,0.0,-0.0323667811757532
1048,2014-02-07,0.0,-0.024220808266827265
1049,2014-02-14,0.0,-0.000651620090570515
1050,2014-02-21,-0.0007061194125155268,-0.0013578065068466927
1051,2014-02-28,0.0,0.0
1052,2014-03-07,0.0,0.0
1053,2014-03-14,0.0,-0.019122207420672166
1054,2014-03-21,0.0,-0.006576826947623293
1055,2014-03-28,0.0,-0.010364745669793618
1056,2014-04-04,0.0,-0.0055094774684680825
1057,2014-04-11,-0.026232463835796582,-0.031599060649623256
1058,2014-04-18,-5.366486264268833e-05,-0.005562943779797158
1059,2014-04-25,-0.0005901241950209135,-0.006096477323130012
1060,2014-05-02,0.0,0.0
1061,2014-05-09,-0.0005319118219468955,-0.0005315662243233765
1062,2014-05-16,-5.337880541256279e-05,-5.328796601056229e-05
1063,2014-05-23,-5.337880541256279e-05,0.0
1064,2014-05-30,-5.337880541256279e-05,0.0
1065,2014-06-06,-5.337880541256279e-05,0.0
1066,2014-06-13,-5.337880541256279e-05,-0.006397531939348111
1067,2014-06-20,-5.337880541256279e-05,0.0
1068,2014-06-27,-5.337880541256279e-05,-0.000612156399104502
1069,2014-07-04,-5.337880541256279e-05,0.0
1070,2014-07-11,-5.337880541256279e-05,-0.008021798753288789
1071,2014-07-18,-5.337880541256279e-05,-0.002471823550371788
1072,2014-07-25,-5.337880541256279e-05,-0.002421325739407565
1073,2014-08-01,-5.337880541256279e-05,-0.02875841475145602
1074,2014-08-08,-5.337880541256279e-05,-0.025024854668185936
1075,2014-08-15,0.0,-0.012512117259815159
1076,2014-08-22,0.0,0.0
1077,2014-08-29,0.0,0.0
1078,2014-09-05,0.0,0.0
1079,2014-09-12,0.0,-0.00984498415091839
1080,2014-09-19,0.0,0.0
1081,2014-09-26,0.0,-0.013951321852673226
1082,2014-10-03,0.0,-0.02082731741776067
1083,2014-10-10,0.0,-0.050622862789752365
1084,2014-10-17,0.0,-0.06093676905537271
1085,2014-10-24,0.0,-0.02127544144483684
1086,2014-10-31,0.0,0.0
1087,2014-11-07,0.0,0.0
1088,2014-11-14,0.0,0.0
1089,2014-11-21,0.0,0.0
1090,2014-11-28,0.0,0.0
1091,2014-12-05,0.0,0.0
1092,2014-12-12,0.0,-0.034182528703837645
1093,2014-12-19,0.0,-0.001635477836561261
1094,2014-12-26,0.0,0.0
1095,2015-01-02,0.0,-0.014440580421724025
1096,2015-01-09,0.0,-0.020101470066813953
1097,2015-01-16,0.0,-0.0326711533952162
1098,2015-01-23,0.0,-0.016647448471945103
1099,2015-01-30,0.0,-0.04312969829824753
1100,2015-02-06,0.0,-0.013864701685475045
1101,2015-02-13,0.0,0.0
1102,2015-02-20,0.0,0.0
1103,2015-02-27,0.0,-0.0027461896258953455
1104,2015-03-06,0.0,-0.01770520907122175
1105,2015-03-13,0.0,-0.025610779314720555
1106,2015-03-20,0.0,0.0
1107,2015-03-27,0.0,-0.02219477040394624
1108,2015-04-03,0.0,-0.018868067285080947
1109,2015-04-10,0.0,-0.0017584624876413324
1110,2015-04-17,0.0,-0.011691612622441339
1111,2015-04-24,0.0,0.0
1112,2015-05-01,0.0,-0.004394191680812454
1113,2015-05-08,0.0,-0.00014201449316386672
1114,2015-05-15,0.0,0.0
1115,2015-05-22,0.0,0.0
1116,2015-05-29,0.0,-0.008686214433764272
1117,2015-06-05,0.0,-0.015118310928373235
1118,2015-06-12,0.0,-0.013991536313194164
1119,2015-06-19,0.0,-0.005421094741686283
1120,2015-06-26,-0.004695879643384915,-0.010091493871269064
1121,2015-07-03,-0.016602051802105167,-0.021933473419850857
1122,2015-07-10,-0.015795498858903412,-0.02113167526012738
1123,2015-07-17,0.0,0.0
1124,2015-07-24,0.0,-0.02108456241989709
1125,2015-07-31,0.0,-0.009318300475295804
1126,2015-08-07,0.0,-0.02131983579004748
1127,2015-08-14,0.0,-0.014401437153158003
1128,2015-08-21,0.0,-0.0689476594149302
1129,2015-08-28,0.0,-0.06212367809675423
1130,2015-09-04,0.0,-0.09360873365871225
1131,2015-09-11,0.0,-0.07407772109496846
1132,2015-09-18,-0.001392268333648361,-0.07536657827908899
1133,2015-09-25,-0.014675840374962168,-0.08766668303773806
1134,2015-10-02,-0.0036913009809074193,-0.07749546594257894
1135,2015-10-09,-0.0036913009809074193,-0.0475493721531961
1136,2015-10-16,-0.0036913009809074193,-0.03837176563951972
1137,2015-10-23,-0.0036913009809074193,-0.01831331280952031
1138,2015-10-30,-0.0036913009809074193,-0.01632641582619032
1139,2015-11-06,-0.0036913009809074193,-0.006344357548093149
1140,2015-11-13,-0.0036913009809074193,-0.04182517024698751
1141,2015-11-20,0.0,-0.009797762155561052
1142,2015-11-27,0.0,-0.008614992757016382
1143,2015-12-04,0.0,-0.008331173486514354
1144,2015-12-11,0.0,-0.04494766849195997
1145,2015-12-18,0.0,-0.04811522770620691
1146,2015-12-25,0.0,-0.021179790187698222
1147,2016-01-01,0.0,-0.02979324309144815
1148,2016-01-08,0.0,-0.08666286079775087
1149,2016-01-15,0.0,-0.10622183385501927
1150,2016-01-22,0.0,-0.0933251575229368
1151,2016-01-29,0.0,-0.07809657603090325
1152,2016-02-05,0.0,-0.10555580679477261
1153,2016-02-12,-0.007023088351220785,-0.11183775976311527
1154,2016-02-19,0.0,-0.0862821118163638
1155,2016-02-26,0.0,-0.0715769993900559
1156,2016-03-04,0.0,-0.046164314662369144
1157,2016-03-11,0.0,-0.03507575024487719
1158,2016-03-18,0.0,-0.022349754490657903
1159,2016-03-25,-0.006164833055742114,-0.028376902265837334
1160,2016-04-01,0.0,-0.010199988037771446
1161,2016-04-08,0.0,-0.021775713401861574
1162,2016-04-15,0.0,-0.006085986378944086
1163,2016-04-22,0.0,-0.00039363512188084204
1164,2016-04-29,0.0,-0.013021890716127249
1165,2016-05-06,-0.011825215502995423,-0.015939912656280808
1166,2016-05-13,-0.030435708393958483,-0.020531998231924087
1167,2016-05-20,-0.016284140224378296,-0.017040016247883205
1168,2016-05-27,0.0,0.0
1169,2016-06-03,0.0,0.0
1170,2016-06-10,0.0,-0.000998283822000956
1171,2016-06-17,0.0,-0.012773520904337365
1172,2016-06-24,0.0,-0.028452780933504118
1173,2016-07-01,0.0,0.0
1174,2016-07-08,0.0,0.0
1175,2016-07-15,0.0,0.0
1176,2016-07-22,0.0,0.0
1177,2016-07-29,0.0,-0.0005524960040830251
1178,2016-08-05,0.0,0.0
1179,2016-08-12,0.0,0.0
1180,2016-08-19,0.0,0.0
1181,2016-08-26,0.0,-0.0057198457894470645
1182,2016-09-02,0.0,-0.000777963195638609
1183,2016-09-09,0.0,-0.024068655734048372
1184,2016-09-16,0.0,-0.01872510442576747
1185,2016-09-23,0.0,-0.0066758142448786195
1186,2016-09-30,0.0,-0.005250152534619801
1187,2016-10-07,-0.005825208450151442,-0.011044809893390295
1188,2016-10-14,-0.005825208450151442,-0.019874657457491063
1189,2016-10-21,-0.005825208450151442,-0.015919747701453102
1190,2016-10-28,-0.005825208450151442,-0.022542268343854754
1191,2016-11-04,-0.005825208450151442,-0.04089200379240665
1192,2016-11-11,0.0,-0.004698243678865843
1193,2016-11-18,0.0,0.0
1194,2016-11-25,0.0,0.0
1195,2016-12-02,-0.008306027861779697,-0.008306544986934061
1196,2016-12-09,0.0,0.0
1197,2016-12-16,-0.0006335978251403862,-0.0006341319817818603
1198,2016-12-23,0.0,0.0
1199,2016-12-30,0.0,-0.009658540743404775
1200,2017-01-06,0.0,0.0
1201,2017-01-13,-0.0026862069111847076,-0.000704419181070115
1202,2017-01-20,-0.0026862069111847076,-0.00206879108240543
1203,2017-01-27,-0.0026862069111847076,0.0
1204,2017-02-03,-0.0026862069111847076,0.0
1205,2017-02-10,0.0,0.0
1206,2017-02-17,0.0,0.0
1207,2017-02-24,0.0,0.0
1208,2017-03-03,0.0,0.0
1209,2017-03-10,0.0,-0.0030616830823757546
1210,2017-03-17,0.0,-0.0015047587760288472
1211,2017-03-24,0.0,-0.014858645048599461
1212,2017-03-31,0.0,-0.006939064437086806
1213,2017-04-07,-0.0022906766901487075,-0.009213929091660633
1214,2017-04-14,-0.013701670193842608,-0.02054552697709644
1215,2017-04-21,-0.004878364670422131,-0.011783675839199037
1216,2017-04-28,0.0,0.0
1217,2017-05-05,0.0,0.0
1218,2017-05-12,-0.0030037316351304577,-0.0030037491809183914
1219,2017-05-19,-0.0030037316351304577,-0.005798910439742566
1220,2017-05-26,0.0,0.0
1221,2017-06-02,0.0,0.0
1222,2017-06-09,0.0,-0.0031126697385682744
1223,2017-06-16,0.0,-0.0014201959340109926
1224,2017-06-23,0.0,0.0
1225,2017-06-30,0.0,-0.005470372321368822
1226,2017-07-07,0.0,-0.004195335905102904
1227,2017-07-14,0.0,0.0
1228,2017-07-21,0.0,0.0
1229,2017-07-28,0.0,0.0
1230,2017-08-04,0.0,0.0
1231,2017-08-11,0.0,-0.013297766149953483
1232,2017-08-18,0.0,-0.018996732478686384
1233,2017-08-25,0.0,-0.011519251187579682
1234,2017-09-01,0.0,0.0
1235,2017-09-08,-0.005083976858108352,-0.005084137754151952
1236,2017-09-15,0.0,0.0
1237,2017-09-22,0.0,0.0
1238,2017-09-29,0.0,0.0
1239,2017-10-06,0.0,0.0
1240,2017-10-13,0.0,0.0
1241,2017-10-20,0.0,0.0
1242,2017-10-27,0.0,0.0
1243,2017-11-03,0.0,0.0
1244,2017-11-10,0.0,-0.0013929223314622652
1245,2017-11-17,0.0,-0.0022828254985242102
1246,2017-11-24,0.0,0.0
1247,2017-12-01,0.0,0.0
1248,2017-12-08,0.0,0.0
1249,2017-12-15,0.0,0.0
1250,2017-12-22,0.0,0.0
1251,2017-12-29,0.0,-0.002429906427786177
1252,2018-01-05,0.0,0.0
1253,2018-01-12,0.0,0.0
1254,2018-01-19,0.0,0.0
1255,2018-01-26,0.0,0.0
1256,2018-02-02,0.0,-0.03883757428741097
1257,2018-02-09,0.0,-0.0875150241156244
1258,2018-02-16,0.0,-0.04700266967306865
1259,2018-02-23,0.0,-0.04141970773636805
1260,2018-03-02,0.0,-0.06106516200479195
1261,2018-03-09,0.0,-0.02690376702271824
1262,2018-03-16,-0.012807588339638465,-0.039367034907536125
1263,2018-03-23,-0.012807588339638465,-0.0959472465936303
1264,2018-03-30,-0.012807588339638465,-0.07807991944985404
1265,2018-04-06,-0.012807588339638465,-0.09009647276964272
1266,2018-04-13,-0.012807588339638465,-0.07107298350431723
1267,2018-04-20,-0.007371702636021493,-0.06595785064325665
1268,2018-04-27,-0.007557821152498367,-0.06613332934630511
1269,2018-05-04,-0.009568374158935744,-0.06802507536453639
1270,2018-05-11,0.0,-0.044096742350583695
1271,2018-05-18,-0.005570586981967773,-0.04942187899285366
1272,2018-05-25,-0.005570586981967773,-0.04654927835738698
1273,2018-06-01,-0.005570586981967773,-0.04146912710444617
1274,2018-06-08,-0.005570586981967773,-0.025388658220786287
1275,2018-06-15,-0.005570586981967773,-0.024742440063608373
1276,2018-06-22,-0.005570586981967773,-0.03315331976602387
1277,2018-06-29,-0.005570586981967773,-0.04532954443902559
1278,2018-07-06,-0.005570586981967773,-0.03076018972015515
1279,2018-07-13,0.0,-0.016085490713210526
1280,2018-07-20,0.0,-0.01576888718653935
1281,2018-07-27,0.0,-0.009645450844449122
1282,2018-08-03,0.0,-0.001973807278388695
1283,2018-08-10,0.0,-0.0035222427673384793
1284,2018-08-17,0.0,0.0
1285,2018-08-24,0.0,0.0
1286,2018-08-31,0.0,0.0
1287,2018-09-07,0.0,-0.009334572774354677
1288,2018-09-14,0.0,0.0
1289,2018-09-21,0.0,0.0
1290,2018-09-28,0.0,-0.004349559178253193
1291,2018-10-05,0.0,-0.014281441479095602
1292,2018-10-12,0.0,-0.054933460711938054
1293,2018-10-19,0.0,-0.053906028424668295
1294,2018-10-26,0.0,-0.09130458579562706
1295,2018-11-02,0.0,-0.06883796324707081
1296,2018-11-09,0.0,-0.04873447918791718
1297,2018-11-16,-0.014508479183444778,-0.06253648175207505
1298,2018-11-23,-0.014508479183444778,-0.0984281679208262
1299,2018-11-30,-0.014508479183444778,-0.0559608929992077
1300,2018-12-07,-0.014508479183444778,-0.0973321258903096
1301,2018-12-14,-0.014508479183444778,-0.10794888933486146
1302,2018-12-21,-0.014508479183444778,-0.17084295998244126
1303,2018-12-28,0.0,-0.14655715644956469
1304,2019-01-04,0.0,-0.13057362942224626
1305,2019-01-11,0.0,-0.10787237371467306
1306,2019-01-18,0.0,-0.08210546218696457
1307,2019-01-25,-0.002551923932090805,-0.08444797905329615
1308,2019-02-01,0.0,-0.06970429255946409
1309,2019-02-08,0.0,-0.06829218130884829
1310,2019-02-15,0.0,-0.04452302406980169
1311,2019-02-22,0.0,-0.038425657943111924
1312,2019-03-01,0.0,-0.034016500615608014
1313,2019-03-08,0.0,-0.05454767603153721
1314,2019-03-15,0.0,-0.026682279391479713
1315,2019-03-22,0.0,-0.033809842098076026
1316,2019-03-29,0.0,-0.02263424925405566
1317,2019-04-05,0.0,-0.001562931056883099
1318,2019-04-12,0.0,0.0
1319,2019-04-19,0.0,-0.0004825143878719462
1320,2019-04-26,0.0,0.0
1321,2019-05-03,0.0,0.0
1322,2019-05-10,0.0,-0.020168092983278596
1323,2019-05-17,0.0,-0.02785452983504788
1324,2019-05-24,0.0,-0.03826165231002843
1325,2019-05-31,-0.02655745839577539,-0.0638031863497922
1326,2019-06-07,0.0,-0.02169853299048674
1327,2019-06-14,0.0,-0.016223033616640015
1328,2019-06-21,0.0,0.0
1329,2019-06-28,0.0,-0.0034011850385502473
1330,2019-07-05,0.0,0.0
1331,2019-07-12,0.0,0.0
1332,2019-07-19,0.0,-0.011574834617263496
1333,2019-07-26,0.0,0.0
1334,2019-08-02,0.0,-0.031091721082654344
1335,2019-08-09,0.0,-0.03440311953404962
1336,2019-08-16,0.0,-0.043574806582360015
1337,2019-08-23,-0.013848124028769115,-0.056819452649403135
1338,2019-08-30,0.0,-0.03165457246988035
1339,2019-09-06,0.0,-0.01311227858458408
1340,2019-09-13,0.0,-0.003046452877913386
1341,2019-09-20,-0.004757694896676989,-0.00778967365149974
1342,2019-09-27,-0.004757694896676989,-0.017369836009641704
1343,2019-10-04,-0.004757694896676989,-0.02086256843462031
1344,2019-10-11,-0.004757694896676989,-0.014442798187502714
1345,2019-10-18,0.0,-0.008820918485008322
1346,2019-10-25,0.0,0.0
1347,2019-11-01,0.0,0.0
1348,2019-11-08,0.0,0.0
1349,2019-11-15,0.0,0.0
1350,2019-11-22,0.0,-0.0026620755111999017
1351,2019-11-29,0.0,0.0
1352,2019-12-06,0.0,0.0
1353,2019-12-13,0.0,0.0
1354,2019-12-20,0.0,0.0
1355,2019-12-27,0.0,0.0
1356,2020-01-03,0.0,-0.0013937090486979553
1357,2020-01-10,0.0,0.0
1358,2020-01-17,0.0,0.0
1359,2020-01-24,0.0,-0.009579816477717107
1360,2020-01-31,0.0,-0.030787759525130687
1361,2020-02-07,0.0,0.0
1362,2020-02-14,0.0,0.0
1363,2020-02-21,0.0,-0.012203897759988869
1364,2020-02-28,0.0,-0.1224525330363796
1365,2020-03-06,0.0,-0.11889821441468373
1366,2020-03-13,0.0,-0.20225118976502554
1367,2020-03-20,0.0,-0.3182896944635266
1368,2020-03-27,0.0,-0.24493431914797137
1369,2020-04-03,-0.02063726504228003,-0.2605171570452509
1370,2020-04-10,0.0,-0.17110221668326686
1371,2020-04-17,0.0,-0.14595520948281127
1372,2020-04-24,-0.012803217518377097,-0.15688988769245216
1373,2020-05-01,-0.013431223613829868,-0.1574263340382065
1374,2020-05-08,0.0,-0.12867415358769607
1375,2020-05-15,-0.021063771366663042,-0.1470279155518307
1376,2020-05-22,0.0,-0.11973568283582581
1377,2020-05-29,0.0,-0.09327774595864335
1378,2020-06-05,0.0,-0.04852557969144233
1379,2020-06-12,-0.04737835200549245,-0.09360545505001394
1380,2020-06-19,-0.04737835200549245,-0.07635929756041482
1381,2020-06-26,-0.04737835200549245,-0.10206598560655389
1382,2020-07-03,-0.04737835200549245,-0.06561590740239975
1383,2020-07-10,0.0,-0.04957561112800046
1384,2020-07-17,0.0,-0.037216163523104195
1385,2020-07-24,0.0,-0.03972978183271125
1386,2020-07-31,0.0,-0.022851643892191187
1387,2020-08-07,0.0,0.0
1388,2020-08-14,0.0,0.0
1389,2020-08-21,0.0,0.0
1390,2020-08-28,0.0,0.0
1391,2020-09-04,0.0,-0.022847830607417796
1392,2020-09-11,0.0,-0.04712189962575919
1393,2020-09-18,0.0,-0.05307321647712726
1394,2020-09-25,0.0,-0.05857174087713479
1395,2020-10-02,0.0,-0.0439374995219487
1396,2020-10-09,0.0,-0.00667902218176053
1397,2020-10-16,0.0,-0.005418834351604951
1398,2020-10-23,0.0,-0.009743442514036027
1399,2020-10-30,0.0,-0.06484350777805115
1400,2020-11-06,0.0,0.0
1401,2020-11-13,0.0,0.0
1402,2020-11-20,0.0,-0.007735341928581829
1403,2020-11-27,0.0,0.0
1404,2020-12-04,0.0,0.0
1405,2020-12-11,0.0,-0.009598408203234987
1406,2020-12-18,0.0,0.0
1407,2020-12-25,0.0,-0.00048751243596478755
1408,2021-01-01,0.0,0.0
1409,2021-01-08,0.0,0.0
1410,2021-01-15,0.0,-0.014583266416779983
1411,2021-01-22,0.0,0.0
1412,2021-01-29,-0.1338261152414707,-0.033456924197979965
1413,2021-02-05,0.0,0.0
1414,2021-02-12,0.0,0.0
1415,2021-02-19,-0.024744204829111882,-0.006647274876421472
1416,2021-02-26,-0.024744204829111882,-0.03127548381944334
1417,2021-03-05,-0.024744204829111882,-0.02294723182614289
1418,2021-03-12,0.0,0.0
1419,2021-03-19,0.0,-0.00838535004355434
1420,2021-03-26,0.0,0.0
1421,2021-04-02,0.0,0.0
1422,2021-04-09,0.0,0.0
1423,2021-04-16,0.0,0.0
1424,2021-04-23,0.0,-0.0012462777323758445
1425,2021-04-30,0.0,0.0
1426,2021-05-07,0.0,0.0
1427,2021-05-14,0.0,-0.013124268790843163
1428,2021-05-21,0.0,-0.017009325157567368
1429,2021-05-28,0.0,-0.004927424182436635
1430,2021-06-04,0.0,0.0
1431,2021-06-11,0.0,0.0
1432,2021-06-18,0.0,-0.018930784568633285
1433,2021-06-25,0.0,0.0
1434,2021-07-02,0.0,0.0
1435,2021-07-09,0.0,0.0
1436,2021-07-16,0.0,-0.00959780379765629
1437,2021-07-23,0.0,0.0
1438,2021-07-30,0.0,-0.0032504376865013507
1439,2021-08-06,0.0,0.0
1440,2021-08-13,0.0,0.0
1441,2021-08-20,0.0,-0.005741046404523886
1442,2021-08-27,0.0,0.0
1443,2021-09-03,0.0,0.0
1444,2021-09-10,0.0,-0.01686233747282473
1445,2021-09-17,0.0,-0.02265804127032567
1446,2021-09-24,0.0,-0.01710041490298264
1447,2021-10-01,-0.02178353155037671,-0.038511584118126496
1448,2021-10-08,-0.013628841192346086,-0.03049628803314075
1449,2021-10-15,0.0,-0.012760638335023056
1450,2021-10-22,0.0,0.0
1451,2021-10-29,0.0,0.0
1452,2021-11-05,0.0,0.0
1453,2021-11-12,-0.002689301450330639,-0.002689318716818878
1454,2021-11-19,0.0,0.0
1455,2021-11-26,0.0,-0.021156376042581138
1456,2021-12-03,0.0,-0.0329928590266817
1457,2021-12-10,0.0,0.0
1458,2021-12-17,0.0,-0.01965916139951296
1459,2021-12-24,0.0,0.0
1460,2021-12-31,0.0,0.0
